time,ACB,BCM,BID,BMP,BVH,CII,CTD,CTG,DGC,DHG,DPM,DXG,EIB,FPT,GAS,GEX,GMD,GVR,HAG,HCM,HDB,HNG,HPG,HSG,HT1,KBC,KDC,KDH,LPB,MBB,MSB,MSN,MWG,NT2,NVL,OCB,PDR,PHR,PLX,PNJ,POW,REE,ROS,SAB,SBT,SHB,SSB,SSI,STB,TCB,TCH,TPB,VCB,VCI,VHC,VHM,VIB,VIC,VJC,VNM,VPB,VPI,VRE
2015-09-30,3.08,,,,,,,,,29.13,7.09,5.35,7.8,,,,10.58,,14.8,,,28.4,3.04,5.71,,8.82,,4.91,,2.84,,38.19,6.82,,,,3.42,5.67,,,,,,,,,,,13.6,,,,,,,,,,,,,,
2015-10-31,3.3,,,,,,,,,31.11,7.52,5.92,7.67,,,,13.27,,14.1,,,30.1,3.15,6.51,,10.08,,5.28,,2.73,,38.19,8.28,,,,3.01,5.7,,,,,,,,,,,13.6,,,,,,,,,,,,,,
2015-11-30,3.08,,10.24,30.66,43.63,14.82,,,,28.92,7.18,5.41,6.82,,20.41,1.0,12.01,,12.2,,,31.1,3.05,5.76,13.92,9.1,,5.47,,2.67,,36.13,8.39,10.39,,,3.2,5.67,,,,,,,,,,,11.0,,,,12.89,,10.46,,,,,46.33,,,
2015-12-31,3.14,,10.34,32.91,42.83,14.88,,7.9,8.97,29.13,7.18,5.68,7.28,9.0,17.93,1.08,13.8,,10.4,,,28.8,2.92,5.73,14.41,9.17,,5.65,,2.76,,40.0,8.78,10.32,,,3.16,5.54,,,,,,,,,,6.26,13.1,,,,13.19,,8.73,,,12.34,,47.83,,,
2016-01-31,3.01,,8.43,30.4,41.21,15.44,,7.31,8.76,28.92,7.08,5.44,6.82,8.64,19.42,1.16,13.02,,8.2,,,15.4,2.75,5.2,13.82,8.26,15.44,5.49,,2.73,,37.42,8.05,10.24,,,3.09,5.4,,13.72,,,,,,,,5.78,11.3,,,,12.44,,8.55,,,12.85,,43.34,,,
2016-02-29,3.13,,8.88,32.66,42.02,16.12,,7.56,8.94,39.21,7.03,5.08,6.76,8.9,21.16,1.18,12.83,,8.1,4.51,,8.0,2.79,5.65,14.41,9.17,16.76,5.52,,2.76,,37.16,8.39,10.28,,,3.11,5.44,,13.82,,9.28,,,,,,6.34,11.0,,,,12.32,,8.79,,,11.9,,47.83,,,
2016-03-31,2.9,,8.38,36.42,40.4,16.33,,6.97,7.9,36.8,7.13,4.9,6.82,8.77,21.22,1.3,12.7,,7.8,4.05,,8.0,2.95,6.27,13.87,8.89,16.35,5.99,,2.71,,36.9,8.45,12.88,,,3.54,5.81,,14.67,,9.25,,,,,,5.95,10.3,,,,12.32,,8.22,,,12.74,,50.07,,,
2016-04-30,2.84,,8.78,35.42,49.29,17.09,72.95,7.05,8.04,37.02,7.28,4.57,6.89,9.05,26.39,1.36,13.48,,8.0,4.06,,8.5,3.35,9.12,14.78,9.66,18.3,5.99,,2.86,,36.13,8.39,12.39,,,3.42,6.66,,17.58,,8.94,,,16.26,1.84,,6.03,10.3,,,,13.82,,8.64,,,14.17,,51.94,,,
2016-05-31,2.92,,9.14,36.04,48.48,17.43,76.18,7.56,7.68,34.73,7.14,4.6,8.45,8.92,31.05,1.34,14.04,,7.8,4.53,,8.1,3.38,10.27,15.86,10.29,18.71,6.07,,2.95,,35.87,9.81,13.27,,,3.54,6.56,,19.87,,9.03,,,15.53,1.78,,6.06,11.0,,,,14.03,,10.14,,,14.17,,53.06,,,
2016-06-30,3.01,,8.78,37.85,48.28,18.12,83.54,7.14,9.05,47.06,7.19,4.6,7.47,9.14,32.34,1.46,13.79,,7.3,4.3,,8.1,3.97,12.01,15.7,10.85,20.23,5.96,,2.82,,34.32,14.06,14.58,,,3.28,7.07,,23.54,,8.94,,,15.28,1.72,,5.86,11.3,,,,14.21,,14.15,,,14.82,,53.44,,,
2016-07-31,2.87,,8.83,42.26,48.28,18.36,96.09,7.56,8.99,42.27,7.58,4.66,7.73,8.97,30.27,1.97,13.48,,6.4,4.49,,6.9,4.46,11.46,16.34,12.39,20.88,6.07,,2.84,,33.03,15.31,14.74,,,3.04,6.59,,19.56,,8.99,,,16.07,1.7,,6.46,11.3,,,,16.22,,16.33,,,15.3,,59.89,,,
2016-08-31,2.86,,8.23,42.26,50.74,20.2,105.18,7.39,9.84,44.09,7.53,4.48,7.28,9.6,33.12,2.9,14.45,,6.3,4.16,,7.3,5.09,12.63,14.68,12.46,27.82,6.83,,2.8,,35.61,16.46,15.6,,,3.04,6.28,,21.55,,8.77,,,17.19,1.5,,6.03,10.4,,,,16.22,,17.26,,,14.42,,72.97,,,
2016-09-30,2.9,,8.53,50.24,58.02,20.83,112.37,7.2,12.26,51.18,7.4,4.36,6.69,10.2,36.74,3.0,15.02,,5.25,4.23,,5.6,5.43,12.22,15.05,13.3,28.33,7.41,,2.82,,36.29,15.91,16.61,,,3.05,6.18,,22.92,,9.42,,,15.18,1.3,,6.29,9.32,,,,15.85,,18.28,,,16.35,,65.48,,,
2016-10-31,3.01,,8.38,52.32,52.37,20.13,112.5,7.16,9.84,45.01,7.21,4.52,6.63,9.51,34.39,4.36,13.94,,5.2,4.03,,6.01,4.84,11.65,14.13,12.18,27.24,7.4,,2.84,,33.91,16.57,15.34,,,3.18,7.64,,20.78,,9.27,,,16.74,1.53,,6.21,8.82,,11.53,,14.9,,17.07,,,15.61,,66.42,,,
2016-11-30,3.03,,8.09,50.55,48.12,20.83,99.23,6.84,9.16,44.87,7.07,5.3,6.14,9.48,33.3,4.49,13.94,,5.91,3.86,,6.8,5.0,14.14,14.06,10.01,25.51,7.08,,2.65,,33.09,18.86,13.85,,,3.31,8.59,,21.37,,9.68,,,15.46,1.47,,5.87,7.5,,8.45,,14.57,,14.91,,,15.43,,64.55,,,
2016-12-31,3.06,,7.51,50.01,47.63,20.34,105.28,6.39,8.88,44.78,6.25,4.87,5.85,9.62,32.74,5.04,13.84,,5.35,3.99,,6.2,5.13,14.81,13.22,9.69,27.28,6.98,,2.78,,33.45,17.83,12.18,25.64,,3.21,8.81,,20.62,,10.75,98106.0,72.18,15.59,1.39,,5.78,9.45,,7.58,,14.67,,18.34,,,15.43,,58.75,,,
2017-01-31,4.11,,8.93,50.53,50.0,22.19,111.63,8.21,8.13,50.26,6.75,5.24,6.23,9.86,32.47,6.09,14.51,,5.6,4.11,,7.3,5.03,14.46,12.9,9.55,27.69,6.87,,2.81,,33.42,18.29,12.94,25.86,,3.38,9.97,,21.4,,11.21,112803.0,81.71,15.46,1.45,,5.96,10.2,,7.55,,16.27,,17.92,,1.65,15.43,,60.34,,,
2017-02-28,3.99,,8.7,48.96,48.69,25.44,115.96,8.08,7.68,52.09,6.82,6.43,6.92,10.03,32.57,5.91,17.79,,8.18,4.57,,8.91,4.75,14.02,12.13,10.08,27.84,7.64,,2.89,,33.22,19.1,13.21,28.59,,3.5,9.95,,23.26,,11.62,124318.1,82.18,15.27,1.6,,6.26,10.3,,7.28,,15.48,,14.59,,1.67,16.53,61.64,61.46,,,
2017-03-31,4.27,,9.28,53.86,48.45,27.64,120.8,8.01,8.13,63.24,6.78,8.02,7.57,10.34,29.71,6.69,17.73,,9.15,4.75,,11.6,5.43,14.69,14.45,10.5,31.52,8.84,,3.17,,38.12,19.23,14.06,29.53,,4.32,9.32,,23.51,,12.64,122727.2,73.02,15.72,1.72,,7.04,11.45,,7.87,,15.27,,17.2,,1.77,15.36,73.11,67.03,,,
2017-04-30,4.04,,8.77,48.96,46.89,28.0,117.69,7.68,6.53,66.25,6.57,8.43,7.28,10.16,30.35,7.06,17.86,,8.65,4.72,,11.7,5.23,14.35,14.26,10.39,29.72,8.72,,3.26,,36.01,19.09,13.39,30.17,,6.21,8.85,32.82,27.26,,12.89,100000.0,72.98,17.37,2.27,,6.46,11.55,,9.3,,14.53,,16.81,,2.02,15.02,72.89,69.23,,,
2017-05-31,4.35,,9.75,47.29,47.14,28.59,123.46,8.32,6.72,75.19,6.72,7.71,7.73,11.02,30.41,7.46,20.5,,8.7,6.21,,10.9,5.41,17.02,12.9,11.06,31.85,9.7,,3.89,,35.0,21.55,13.01,28.59,,6.31,11.83,43.06,29.72,,14.65,67045.4,69.04,19.12,2.17,,7.32,12.5,,9.55,,14.98,,17.86,,2.25,14.79,73.28,70.64,,,
2017-06-30,4.51,,10.78,46.76,47.05,27.27,124.9,8.96,6.93,86.54,6.86,7.77,8.38,12.01,32.39,8.54,22.04,,9.48,6.76,,10.75,6.06,16.81,14.58,11.79,34.89,9.72,,4.6,,34.03,23.72,13.44,29.02,,7.5,12.86,48.55,31.75,,17.08,76250.0,76.05,22.31,2.3,,8.16,13.8,,8.61,,15.94,,18.72,,2.29,15.69,72.42,74.37,,,
2017-07-31,4.53,,11.74,37.55,48.36,23.83,120.17,9.03,6.85,81.04,6.74,8.58,7.54,12.39,34.78,8.42,20.76,,9.41,6.64,,10.35,6.12,14.53,12.16,10.25,34.6,9.77,,4.91,,34.67,23.16,13.48,28.8,,7.38,14.27,46.05,32.4,,17.22,92500.0,86.49,25.74,2.51,,7.76,13.1,,7.99,,15.63,7.59,16.43,,2.32,16.35,72.02,72.01,,,
2017-08-31,5.04,,11.29,34.95,44.72,25.59,123.17,8.43,7.45,75.82,6.83,9.17,7.9,12.69,34.78,8.45,21.84,,8.49,5.84,,9.29,6.64,15.49,9.51,10.57,31.65,9.77,,4.9,,38.48,25.21,12.19,25.69,,7.56,15.19,48.98,33.65,,16.27,89250.0,91.64,20.46,2.39,,7.39,11.7,,7.59,,15.36,7.36,15.55,,2.16,18.0,72.25,70.73,7.31,,
2017-09-30,5.37,,10.69,36.6,45.63,23.46,122.58,8.47,7.34,74.81,6.64,9.44,8.12,12.76,38.96,9.56,22.42,,8.4,6.2,,9.7,7.37,14.84,10.11,10.22,32.66,9.91,,4.71,,44.64,26.8,12.5,26.24,,8.2,15.48,46.27,35.62,,16.25,166666.6,94.92,16.55,2.42,,7.39,12.5,,7.5,,15.9,7.43,16.18,,2.47,18.81,87.63,71.11,7.55,,
2017-10-31,5.37,,11.92,34.9,41.48,23.39,128.47,8.59,7.02,70.46,6.22,8.42,7.41,13.19,40.31,9.61,20.76,,8.02,6.09,,9.35,7.01,12.01,8.94,8.99,28.81,10.71,2.86,4.89,,48.2,29.62,14.61,25.99,,8.5,15.08,44.87,33.68,,15.83,148083.3,104.27,13.17,2.36,,6.93,11.0,,7.24,,17.51,7.79,14.88,,2.73,21.49,91.36,71.97,8.19,,
2017-11-30,6.12,,13.99,45.91,49.69,24.16,133.95,11.13,7.12,75.16,6.28,9.29,8.09,15.28,45.45,11.1,21.94,,7.73,7.83,,9.31,7.81,12.35,11.35,9.66,29.94,12.18,3.39,5.54,,54.36,31.11,15.71,26.28,,9.57,15.7,45.46,39.0,,18.43,151416.6,120.11,12.86,2.84,,8.25,13.1,,8.78,,20.51,8.87,16.94,,2.84,27.37,109.34,88.98,8.29,20.88,38.83
2017-12-31,6.48,,13.91,40.93,54.17,25.73,133.48,11.08,7.02,81.73,6.56,10.16,8.22,14.94,55.54,11.91,20.58,,7.35,9.1,,9.56,8.88,12.71,10.7,9.38,30.72,11.31,3.5,5.5,,62.14,30.19,16.35,27.78,,9.6,15.98,54.99,43.15,,19.21,145333.3,91.02,13.24,2.81,,8.83,12.85,,9.88,,22.96,9.7,16.91,,2.95,28.4,118.89,99.91,8.26,19.75,37.37
2018-01-31,7.32,,18.66,40.65,68.03,27.49,118.45,12.46,6.98,70.71,7.44,14.38,10.07,16.46,71.05,14.75,22.5,,8.2,12.32,8.9,8.69,11.81,13.54,11.14,9.83,34.6,14.24,5.49,7.04,,74.61,28.92,16.15,34.26,,10.61,17.44,64.89,46.93,,19.75,114333.3,91.12,13.02,4.21,,10.45,16.25,,10.04,,28.16,11.2,17.61,,3.91,31.59,156.58,97.46,10.74,19.49,43.91
2018-02-28,8.25,19.42,21.27,44.85,69.44,26.17,106.67,15.39,7.0,74.13,7.17,15.7,10.07,15.65,64.95,14.72,21.32,,6.22,12.2,8.48,6.2,12.51,12.61,10.83,9.06,33.28,14.24,5.28,7.59,,72.26,28.58,15.47,36.61,,9.55,17.66,65.92,52.5,,18.55,112500.0,86.77,11.39,4.24,,11.31,16.1,,9.29,,31.21,10.72,16.34,,4.25,34.86,162.26,93.87,12.0,19.75,42.64
2018-03-31,9.01,22.39,23.67,32.9,78.4,22.69,93.05,15.85,7.12,78.89,6.71,17.16,9.1,15.88,74.93,16.86,19.42,10.63,6.61,12.18,8.77,8.85,11.45,12.09,10.14,9.38,29.78,14.96,5.17,7.66,,91.95,26.0,15.03,38.53,,10.97,17.03,61.37,64.88,13.1,18.16,71666.6,88.76,11.2,4.18,,11.96,15.5,,9.67,,29.81,13.43,23.02,,5.36,43.06,181.65,97.22,12.99,20.53,40.58
2018-04-30,8.18,22.48,19.69,25.49,76.33,23.09,79.56,13.42,7.48,71.39,5.83,15.51,9.81,14.92,63.58,17.12,16.73,8.73,5.3,10.9,8.18,8.7,10.2,8.88,9.08,9.34,28.38,15.07,5.17,6.6,,74.37,23.73,15.37,34.24,,10.7,15.04,45.24,53.86,10.74,17.29,60700.0,78.58,11.52,3.69,,11.04,13.85,,12.52,6.69,25.37,11.57,19.54,,4.62,46.29,151.71,88.6,10.78,22.14,36.69
2018-05-31,7.72,21.13,15.96,31.63,71.76,20.67,83.68,12.41,7.07,74.6,5.06,16.36,9.39,14.21,51.55,15.21,16.13,7.69,4.46,9.99,7.45,7.5,10.63,6.39,8.29,8.85,26.32,13.68,4.21,6.42,,65.62,24.71,14.76,28.4,,9.7,15.74,45.46,52.65,11.05,15.87,43000.0,88.54,9.39,3.01,,9.81,11.75,,13.03,6.2,22.88,11.07,17.37,67.1,3.72,42.62,121.3,78.64,9.06,22.2,34.08
2018-06-30,6.87,17.08,14.18,29.19,67.45,19.39,89.81,11.11,7.23,72.81,5.55,14.44,9.42,12.82,51.61,15.63,15.82,7.69,5.21,8.88,7.16,10.2,10.19,7.3,7.91,8.4,25.97,12.8,3.86,5.78,,64.0,26.52,15.15,28.4,,9.89,13.49,45.02,41.16,10.34,15.37,42600.0,83.19,9.86,2.65,,8.74,11.55,14.44,10.16,6.09,24.53,10.26,19.31,65.53,3.57,47.77,138.63,81.89,9.35,22.66,30.75
2018-07-31,6.91,15.91,14.35,28.39,64.79,18.47,89.52,10.81,7.96,72.4,5.95,13.83,9.13,13.22,51.2,15.77,16.61,6.92,7.62,8.82,7.05,17.25,9.91,6.79,8.25,8.4,26.32,12.42,3.41,6.16,,68.21,27.17,15.61,34.52,,8.51,16.08,46.56,45.65,10.34,17.0,41200.0,75.81,10.63,2.62,,8.86,11.45,13.13,12.94,5.65,24.74,9.69,23.09,64.3,3.61,47.28,141.17,81.02,8.83,21.91,32.18
2018-08-31,7.55,13.4,18.77,27.99,77.74,19.43,100.74,12.43,9.5,66.56,5.66,15.11,9.13,13.97,61.27,16.66,16.7,6.92,6.79,9.61,7.56,17.9,10.6,6.51,8.77,8.5,24.64,13.21,3.21,6.22,,76.96,27.92,15.26,36.19,,8.22,16.37,52.18,49.31,11.13,17.24,40300.0,83.37,12.09,2.75,,9.69,11.35,12.42,13.19,5.96,26.43,10.75,25.33,60.63,3.69,45.95,152.51,75.48,8.44,21.96,31.19
2018-09-30,7.57,17.71,19.2,31.63,82.36,19.9,101.04,12.62,9.91,72.11,6.26,16.01,9.2,14.64,68.83,16.51,17.98,7.18,6.13,10.75,7.69,17.15,11.22,7.63,10.32,8.92,23.46,14.94,3.59,6.07,,75.18,29.59,16.01,37.03,,8.86,17.25,54.64,50.46,13.18,17.77,38150.0,82.08,13.49,2.95,,10.27,13.5,13.77,11.7,5.8,26.64,11.02,31.28,61.8,3.9,43.68,150.18,80.4,8.73,22.17,33.21
2018-10-31,6.73,18.43,16.09,28.39,82.44,17.41,88.63,10.72,10.71,60.57,6.06,12.93,8.9,13.26,61.87,14.65,18.35,8.21,5.08,8.54,6.5,14.2,10.68,5.57,9.23,8.5,21.13,14.15,3.24,5.75,,67.24,26.24,14.97,39.59,,8.51,18.48,45.79,46.39,10.97,15.17,36000.0,82.64,13.17,2.49,,9.05,12.5,12.71,9.88,5.73,23.81,8.89,30.92,48.38,3.59,43.2,132.54,67.99,6.97,22.04,28.95
2018-11-30,6.61,19.33,17.13,27.49,80.51,19.28,94.65,10.53,11.41,59.13,6.97,12.9,8.84,13.56,54.01,14.53,18.52,8.04,5.15,8.6,5.94,16.7,8.81,3.99,10.1,8.92,19.87,13.21,3.28,5.66,,64.81,26.21,15.43,37.92,,8.54,20.42,44.64,44.05,11.68,15.32,38700.0,93.63,13.43,2.43,,9.01,12.15,12.31,9.97,5.57,23.73,8.36,33.55,56.68,3.57,45.2,129.86,74.95,6.78,22.09,29.82
2018-12-31,6.57,21.76,18.77,26.9,74.8,19.28,97.39,8.84,10.46,56.97,7.19,12.66,9.13,13.34,51.52,12.72,17.48,8.9,4.88,7.38,6.0,16.0,8.21,3.93,10.37,9.24,19.75,14.5,3.31,5.11,,62.79,26.99,15.5,35.75,,8.22,22.76,40.79,44.95,12.63,14.84,31450.0,100.18,13.5,2.33,,8.42,11.95,12.21,8.64,5.66,22.92,7.92,31.88,53.48,3.36,42.35,118.96,70.84,6.5,22.01,27.1
2019-01-31,6.53,20.68,17.18,23.53,77.49,16.86,82.05,9.02,9.54,61.29,7.32,12.32,10.85,13.66,52.23,12.41,17.25,8.65,5.0,7.15,6.04,14.3,7.35,3.98,11.85,9.91,16.32,13.23,3.09,5.75,,62.95,25.75,18.4,31.52,,8.3,24.16,41.48,45.82,12.99,16.23,34650.0,87.26,13.67,2.33,,8.25,12.3,12.52,9.1,5.9,24.33,6.25,30.77,58.29,3.3,46.17,122.43,79.7,6.58,21.6,28.36
2019-02-28,6.59,22.92,17.73,27.11,79.0,17.59,81.44,9.53,10.0,85.45,6.74,13.03,11.34,13.97,58.42,14.16,18.38,8.47,5.52,8.82,5.94,15.6,8.91,5.25,12.0,10.22,16.73,13.54,3.24,5.65,,72.02,26.92,18.3,32.02,,8.41,29.94,43.48,46.5,12.71,16.77,32000.0,89.88,13.57,2.4,,8.82,12.3,12.52,11.87,5.89,25.91,7.62,31.88,63.75,3.53,50.66,117.96,83.3,6.74,21.05,32.05
2019-03-31,6.73,23.82,19.53,24.83,79.84,18.14,87.29,10.28,9.82,86.77,6.48,11.86,11.44,14.38,59.58,13.27,17.71,10.2,5.56,8.73,5.94,15.55,8.54,5.67,11.55,10.33,17.26,13.93,3.31,5.88,,68.3,26.3,17.01,31.07,,9.18,35.8,45.72,47.99,11.96,16.16,30850.0,93.51,12.61,2.43,,8.6,12.2,12.09,11.0,6.03,28.83,6.54,30.13,66.66,3.63,51.5,115.49,79.58,6.58,21.65,33.61
2019-04-30,6.68,21.67,18.98,24.24,74.46,16.79,73.53,9.73,8.7,85.01,5.95,11.33,11.05,15.66,68.44,12.81,17.31,9.6,5.47,7.88,5.56,15.7,8.91,5.31,12.23,10.15,16.65,13.62,3.16,5.88,,70.4,26.34,17.11,32.91,,9.31,35.39,47.95,48.28,11.68,16.13,29950.0,89.58,12.51,2.43,,8.15,11.95,11.41,10.41,6.06,29.08,6.11,31.47,67.03,3.63,50.53,115.9,76.63,6.21,21.83,34.97
2019-05-31,6.44,20.95,17.18,24.04,64.54,16.9,67.57,9.3,8.23,84.72,5.9,9.74,11.5,15.64,63.28,12.84,17.45,10.11,5.07,8.12,5.41,15.2,8.51,5.4,12.46,10.12,16.08,13.62,2.88,5.62,,69.51,27.17,17.01,33.52,,9.58,38.04,50.53,49.82,12.04,16.49,29800.0,99.99,12.4,2.27,,7.85,11.75,10.68,10.07,6.78,28.78,5.36,31.21,59.74,3.44,50.93,124.5,76.45,5.93,21.16,34.8
2019-06-30,6.41,22.94,17.29,23.02,67.9,16.49,65.13,8.93,7.71,79.95,5.15,9.92,12.22,16.14,59.16,12.64,17.38,10.89,5.35,7.77,5.45,17.1,8.1,4.92,12.15,9.98,15.67,14.15,2.8,5.64,,67.24,29.28,16.82,33.19,,10.34,41.65,47.65,47.02,12.0,16.11,27150.0,102.99,11.82,2.2,,7.84,11.35,9.61,10.22,6.48,30.2,5.34,30.18,57.78,3.24,51.42,128.0,73.47,6.16,21.83,33.8
2019-07-31,6.58,25.79,19.37,26.21,70.59,16.05,68.78,9.5,8.66,72.96,4.9,9.23,11.67,17.17,66.19,12.95,17.45,12.88,5.08,7.1,5.14,17.95,7.77,4.87,12.0,10.71,15.22,12.87,2.95,5.99,,64.81,33.7,16.07,32.13,,10.54,47.37,52.45,49.98,11.13,16.61,28000.0,104.49,11.71,2.14,,7.33,10.7,9.71,11.49,6.47,34.35,5.95,30.49,64.26,3.69,54.22,133.4,73.59,6.04,22.04,36.95
2019-08-31,6.41,31.78,21.14,27.02,63.87,15.43,57.64,9.25,7.58,68.91,4.66,10.46,10.98,19.2,62.44,13.74,19.12,13.16,4.86,6.97,5.15,17.0,7.65,4.53,11.62,11.66,17.87,13.94,2.77,6.23,,61.08,36.89,16.07,34.69,,10.48,46.96,49.25,53.5,10.18,18.59,26400.0,102.24,11.61,2.04,,6.8,10.4,10.16,11.44,6.59,33.28,5.8,27.5,64.74,4.09,54.88,132.0,73.47,6.61,22.41,34.45
2019-09-30,6.76,28.74,21.49,27.67,62.86,16.13,59.63,9.69,7.23,69.13,4.54,11.78,10.72,20.86,65.98,14.93,18.32,12.02,4.49,8.08,5.49,15.15,7.56,4.45,11.47,10.9,16.6,14.78,2.7,6.63,,63.6,39.79,15.12,35.52,,10.34,41.85,48.45,52.33,10.18,19.36,25100.0,99.28,12.56,2.14,,7.27,10.55,11.03,12.14,6.35,35.17,6.06,27.91,65.85,4.2,53.24,137.7,78.76,7.18,22.95,33.1
2019-10-31,6.96,28.1,22.15,28.69,60.59,17.52,49.59,10.08,6.96,68.24,4.64,10.43,10.72,20.93,64.24,13.84,17.85,12.28,4.22,7.58,5.83,14.95,7.51,4.74,12.88,10.96,17.75,15.19,2.73,6.69,,60.11,39.32,14.49,33.13,,10.34,40.41,47.49,54.22,10.3,19.02,24300.0,98.12,13.19,2.14,,7.05,10.8,11.2,11.41,6.37,37.56,6.19,27.71,65.62,4.09,52.88,145.0,78.94,7.01,22.79,33.2
2019-11-30,6.67,25.15,22.85,28.15,59.9,17.59,39.86,9.37,7.28,68.69,4.4,9.55,11.11,20.39,62.38,13.28,16.81,11.93,3.85,7.78,5.25,14.6,7.87,5.16,12.05,11.52,16.83,15.3,2.77,6.44,,56.71,34.39,14.24,31.63,,10.26,38.97,46.13,52.85,10.1,18.34,17300.0,85.12,13.16,1.94,,6.54,10.1,10.82,14.66,6.21,36.54,5.96,26.1,67.76,3.99,51.42,144.9,73.78,6.57,22.68,34.45
2019-12-31,6.58,27.73,26.04,25.42,58.45,16.49,32.2,9.57,6.86,67.43,4.4,9.79,11.57,21.08,58.16,12.75,16.5,9.3,3.98,7.27,5.46,13.9,8.1,5.18,12.25,11.6,16.7,15.59,2.77,6.05,,45.77,35.97,13.64,33.13,,10.85,28.09,44.84,55.97,9.04,18.42,9330.0,85.88,13.02,2.1,,5.96,10.05,11.12,16.71,5.97,38.98,5.22,27.19,62.53,4.04,51.1,146.2,71.35,6.52,22.93,34.0
2020-01-31,6.64,25.79,29.06,23.9,50.1,17.96,34.96,11.18,6.91,73.33,3.95,7.8,11.6,18.8,53.69,12.72,13.52,9.48,3.64,6.55,5.35,13.5,8.3,5.41,12.05,10.88,16.23,14.49,2.66,6.05,,40.59,34.96,12.75,30.68,,10.79,26.73,42.44,54.87,8.29,17.2,7260.0,79.85,13.05,2.43,,5.84,10.2,10.2,21.01,5.93,38.33,4.74,23.94,64.52,3.99,51.02,130.2,66.45,7.31,22.68,30.05
2020-02-29,7.28,23.03,25.67,23.0,46.77,15.76,39.11,11.79,6.86,70.75,4.03,8.0,11.18,19.92,47.05,12.13,13.42,10.7,3.27,5.84,5.51,13.4,7.7,5.04,11.8,10.51,15.54,14.23,2.8,5.94,,39.7,33.61,13.05,29.79,,10.77,34.7,41.32,53.17,7.78,17.3,3260.0,62.16,15.23,3.78,,5.25,11.6,10.51,16.27,6.07,35.61,4.6,21.26,59.28,4.23,46.84,121.9,64.0,8.86,22.52,28.5
2020-03-31,5.14,15.29,17.41,19.1,31.52,13.27,28.22,7.88,5.45,58.22,3.89,5.23,9.52,14.86,34.01,9.09,10.58,7.35,2.55,3.8,3.52,12.2,5.81,3.02,8.2,8.33,12.36,10.72,2.21,3.94,,39.7,18.59,10.76,28.9,,10.31,24.26,30.79,30.52,5.6,14.53,3760.0,47.19,8.94,4.8,,3.83,7.3,7.09,8.44,4.86,26.79,2.51,14.06,40.55,2.99,37.06,97.2,55.73,5.52,22.14,19.15
2020-04-30,5.92,22.02,20.09,26.55,39.36,14.55,39.36,9.16,7.5,68.76,5.03,6.68,9.75,18.36,39.35,10.25,13.17,9.78,3.6,5.62,4.09,12.9,7.41,5.12,10.57,9.53,14.85,12.15,2.76,4.64,,47.64,25.78,13.61,29.62,,11.1,33.23,33.99,37.84,8.33,15.97,3500.0,62.54,9.67,6.26,,4.97,9.1,8.13,10.85,4.94,29.39,3.12,20.37,46.9,3.38,40.84,115.5,60.63,6.68,22.79,23.1
2020-05-31,6.61,24.41,22.63,28.03,42.56,14.15,47.71,10.3,10.34,70.22,5.21,7.63,11.24,20.3,46.18,11.5,13.88,11.19,4.56,6.4,4.79,15.35,9.44,6.95,12.09,10.55,27.34,12.75,3.12,5.0,,50.8,26.69,13.98,29.9,,12.84,37.42,38.93,41.96,8.09,16.64,2970.0,67.68,10.48,5.51,,5.66,10.3,9.78,10.85,5.86,36.82,4.04,23.05,56.48,3.81,43.11,113.0,70.43,7.61,22.98,27.5
2020-06-30,6.58,24.5,21.38,30.5,38.77,13.31,43.69,9.87,11.1,69.61,4.93,7.56,11.57,19.33,42.83,10.91,13.17,9.65,5.2,6.24,4.91,15.3,9.23,7.98,10.98,10.4,24.38,13.45,3.23,4.83,,43.83,25.5,13.98,34.24,,11.26,36.54,37.54,38.17,7.66,16.32,2090.0,60.24,9.39,5.12,,5.66,10.75,9.24,10.9,5.84,34.7,3.63,24.07,55.67,4.06,39.55,108.0,69.93,6.66,22.93,24.8
2020-07-31,6.5,24.04,20.68,29.4,34.42,12.76,41.93,9.71,9.78,70.05,4.8,5.93,10.76,18.84,42.65,12.19,12.96,8.77,3.8,5.82,4.74,11.95,9.13,6.62,10.29,9.31,25.71,13.25,3.23,4.58,,40.91,23.51,14.42,36.25,,11.26,36.76,35.6,34.32,7.22,17.27,2220.0,64.46,9.29,4.64,,5.51,10.1,8.57,10.36,5.84,33.02,3.78,23.39,57.29,4.2,38.88,94.5,66.39,6.58,22.57,25.1
2020-08-31,7.95,30.95,23.1,33.53,42.51,13.56,49.71,11.77,12.74,81.12,6.1,6.53,11.21,21.41,48.25,14.63,16.07,10.4,4.26,6.55,5.62,12.2,10.33,7.88,12.75,10.28,31.86,15.1,3.63,5.22,,44.56,29.47,16.05,35.52,,13.22,41.54,44.28,39.9,7.93,19.64,2170.0,73.47,10.1,5.47,,6.06,11.2,10.06,10.93,6.38,35.87,4.75,26.13,57.88,5.14,39.99,103.0,75.08,7.61,22.14,27.0
2020-09-30,8.44,37.31,23.02,36.46,41.49,13.23,45.14,12.16,13.94,81.12,6.59,6.82,11.05,21.62,46.42,15.59,17.73,11.37,4.56,7.41,6.2,11.8,11.11,10.91,12.79,10.66,32.76,15.04,4.5,5.75,,44.23,32.91,16.29,35.58,,18.03,42.87,43.25,40.5,8.09,21.4,2200.0,70.33,10.41,6.06,,6.89,13.8,10.68,11.33,6.65,36.34,5.42,30.04,55.67,6.47,40.66,104.6,82.33,7.74,22.25,27.6
2020-10-31,9.04,36.39,21.72,34.06,43.65,12.75,36.79,13.28,13.22,78.43,6.01,7.76,11.18,22.27,45.84,12.52,17.36,13.02,4.54,7.3,6.22,10.95,12.85,10.46,12.38,10.4,30.87,15.5,4.93,5.94,,68.05,33.5,16.08,34.52,,19.15,40.51,42.13,46.22,7.42,22.3,2180.0,70.71,10.68,6.06,,6.95,13.3,10.09,9.72,6.47,35.87,6.95,29.36,56.04,7.68,47.33,101.2,81.65,7.69,22.48,25.3
2020-11-30,10.21,40.82,23.53,38.2,47.54,13.37,41.88,15.34,15.39,79.58,6.34,9.38,11.18,23.96,54.37,13.48,20.58,17.12,4.52,8.54,7.18,14.7,14.93,12.55,13.8,11.9,32.27,16.59,4.91,6.79,,66.43,37.12,16.15,33.74,,20.65,46.61,43.68,51.81,8.22,25.87,2530.0,74.24,13.11,6.69,,7.82,14.65,11.38,10.25,7.72,40.19,7.85,31.72,60.91,7.76,46.17,117.5,81.8,8.73,22.34,28.2
2020-12-31,10.54,38.36,27.48,39.27,57.05,16.58,50.69,16.05,17.24,79.97,6.96,10.77,12.51,25.56,56.39,14.83,24.13,27.57,5.25,11.26,7.75,14.55,17.44,15.44,15.39,18.32,34.1,18.17,5.38,7.68,7.1,72.88,38.04,17.43,36.75,,25.71,48.17,46.94,54.28,11.07,26.06,4480.0,75.6,15.22,6.69,,13.45,16.9,14.88,10.75,9.27,42.65,11.18,29.71,65.99,9.11,48.08,125.0,82.25,10.59,22.51,31.4
2021-01-31,10.06,52.14,22.89,37.39,48.84,16.16,48.27,14.17,16.77,77.66,6.09,13.23,10.95,27.11,49.68,13.18,22.06,22.46,4.83,9.64,7.28,11.2,16.47,16.28,14.77,27.66,36.12,19.78,5.49,7.83,6.39,70.1,42.46,16.61,45.17,7.66,27.86,44.66,42.13,55.69,9.69,27.15,3400.0,62.69,13.08,5.74,,11.7,16.9,15.12,11.83,8.63,40.52,9.41,27.27,68.94,8.88,44.17,125.8,78.43,9.77,23.15,32.05
2021-02-28,12.4,53.53,25.02,40.84,51.09,16.51,48.21,17.3,21.93,77.28,6.47,15.86,11.76,32.95,58.14,13.91,24.79,26.55,4.7,10.45,8.21,11.5,19.18,18.47,15.43,29.27,44.42,19.78,6.37,9.23,7.08,74.03,43.2,16.6,44.83,8.17,31.46,46.64,50.04,56.9,10.26,30.18,4820.0,72.89,15.76,6.26,,13.49,18.35,18.54,11.75,9.53,42.78,10.34,28.57,74.91,11.16,48.44,135.1,79.96,13.03,23.09,33.2
2021-03-31,12.49,53.53,24.64,37.79,51.52,19.8,47.56,18.65,22.78,76.66,7.62,16.2,13.06,33.6,58.41,15.69,25.05,25.59,5.55,11.08,8.62,11.6,19.69,19.8,16.18,28.64,48.38,18.88,7.52,9.4,8.26,75.84,41.5,16.41,45.34,9.44,34.03,44.66,47.37,57.18,10.74,28.0,6440.0,70.34,16.27,10.11,13.93,12.9,21.45,19.08,12.34,9.64,41.3,12.28,27.85,71.74,13.6,52.39,129.7,75.08,14.55,24.44,32.7
2021-04-30,13.0,52.14,23.52,38.44,49.53,15.73,41.88,18.95,23.55,76.74,7.31,15.83,17.84,34.98,54.37,17.53,25.31,23.7,5.44,11.01,8.89,11.5,24.44,22.13,14.42,28.11,47.18,21.8,9.32,10.13,8.2,80.35,45.08,15.67,74.01,9.18,43.03,40.76,43.25,66.31,10.01,28.53,6530.0,65.3,14.53,10.78,13.29,13.25,23.9,19.37,11.69,9.48,43.57,12.32,26.48,73.22,15.63,58.22,124.9,71.34,19.06,24.54,32.0
2021-05-31,15.53,49.34,27.94,38.58,46.77,15.38,40.44,24.67,27.79,75.29,7.26,18.9,21.32,42.34,53.78,17.5,27.42,26.32,5.13,14.37,11.03,10.5,30.17,30.6,13.49,25.0,52.07,24.46,12.99,12.69,10.37,90.27,44.32,14.12,75.81,11.27,47.2,41.6,46.94,68.27,9.56,30.98,6550.0,60.77,14.46,13.16,20.19,18.04,33.8,25.37,12.02,12.96,42.96,15.77,28.71,75.65,19.25,52.22,110.0,69.05,22.55,22.88,29.4
2021-06-30,16.75,50.65,27.11,39.38,50.48,14.8,42.21,24.48,31.63,76.5,9.14,16.2,19.69,44.2,62.47,18.15,31.83,32.21,5.9,18.71,11.58,10.8,29.49,32.1,14.11,28.82,56.95,25.62,12.99,14.47,11.41,91.33,48.64,15.16,92.41,12.0,57.25,43.28,48.1,67.73,9.81,30.71,4970.0,66.09,15.26,12.42,20.36,22.78,30.6,24.9,11.77,12.72,50.71,20.71,32.66,87.01,19.45,52.88,121.5,69.83,22.06,24.13,31.75
2021-07-31,16.96,39.32,23.58,37.32,44.17,12.48,41.1,20.61,37.02,74.89,10.11,14.55,17.16,47.21,60.18,18.73,34.12,31.02,5.01,17.52,11.0,7.75,27.08,28.58,13.75,25.86,57.5,27.77,12.39,13.03,11.2,110.75,52.51,13.68,79.43,11.72,56.7,38.08,45.03,64.82,8.71,29.28,4970.0,62.14,13.48,12.03,19.78,22.62,29.9,24.14,10.32,12.11,42.7,19.76,29.5,79.86,16.36,47.64,113.0,66.51,19.87,26.36,27.65
2021-08-31,15.01,44.11,22.35,35.66,49.27,13.72,45.92,19.06,45.74,89.22,14.56,14.99,16.48,46.9,60.05,19.92,39.16,35.67,5.1,19.99,10.58,7.11,28.23,30.57,18.96,31.98,55.85,27.13,11.2,12.57,10.69,111.58,53.45,15.23,79.73,11.06,53.88,40.53,43.62,58.19,9.65,35.13,5250.0,58.62,16.42,11.9,19.45,25.6,27.35,22.91,10.51,11.8,43.31,23.88,35.56,78.45,14.26,47.05,126.5,67.51,20.07,28.35,27.3
2021-09-30,14.8,41.95,22.64,35.06,50.48,13.76,45.09,18.22,58.49,79.94,14.56,14.81,15.34,47.2,65.15,19.06,37.65,33.04,5.06,19.04,10.36,7.22,30.29,35.63,20.46,32.65,54.27,28.39,10.52,12.55,11.07,117.86,61.54,15.99,77.9,11.67,50.14,40.14,45.29,66.78,9.89,34.71,5600.0,61.12,15.29,11.51,19.37,24.56,25.7,23.43,11.09,14.4,42.35,23.6,37.11,76.08,13.9,44.0,127.9,70.41,21.47,28.69,29.1
2021-10-31,15.48,49.85,23.81,39.84,55.93,17.4,47.61,18.88,59.23,83.06,19.39,18.73,14.62,49.18,83.62,23.06,39.7,37.22,5.15,18.33,10.3,7.5,32.69,36.32,21.82,36.52,53.89,34.8,10.11,12.84,11.25,124.72,63.28,18.2,83.47,12.99,58.84,46.64,47.49,70.37,10.47,39.82,6930.0,62.72,15.98,12.1,21.22,24.47,26.6,24.38,11.09,15.52,42.7,25.43,45.22,83.07,14.55,47.9,132.0,71.27,22.33,30.11,31.2
2021-11-30,15.62,50.51,25.48,39.84,53.48,23.02,52.97,20.1,63.34,82.42,19.94,25.36,17.81,49.28,66.03,40.37,37.8,36.29,8.23,23.52,12.44,8.82,28.03,30.3,23.54,37.53,54.17,31.7,10.88,13.07,12.77,123.32,66.89,17.31,84.01,13.63,57.37,56.51,47.49,66.24,11.17,37.53,13600.0,60.18,17.8,12.57,22.65,33.78,28.9,24.47,15.12,15.61,43.09,31.66,43.93,82.2,16.6,52.5,122.5,68.84,22.12,39.75,29.8
2021-12-31,16.19,60.65,26.91,39.78,49.1,35.96,72.51,20.81,62.37,90.42,19.78,27.14,21.9,47.2,64.62,36.55,35.9,34.56,13.3,22.08,12.58,12.25,26.57,28.65,20.66,45.64,50.26,34.8,10.83,13.03,14.25,141.52,65.44,20.42,91.0,13.33,58.35,58.15,47.31,65.5,14.48,36.78,7090.0,59.01,18.81,11.92,26.08,31.3,31.5,23.62,17.05,19.18,44.33,29.36,46.46,79.67,18.6,47.55,128.3,67.89,21.01,40.79,30.1
2022-01-31,16.21,75.06,34.78,41.69,47.7,21.7,65.55,22.65,53.83,82.34,16.31,26.25,24.34,45.43,73.21,31.83,32.64,29.18,11.8,18.03,12.6,8.99,24.16,23.25,17.47,40.31,50.26,34.12,12.15,15.19,13.34,118.34,63.81,17.35,79.9,13.51,55.66,63.94,49.24,70.81,13.9,36.73,8200.0,58.86,15.98,12.03,24.16,27.22,35.55,24.94,13.25,19.6,50.06,22.58,45.13,78.02,18.7,48.5,121.9,66.39,21.51,43.91,34.95
2022-02-28,15.9,74.86,31.7,43.45,51.82,24.95,64.1,20.35,63.62,90.02,23.36,32.8,22.0,47.36,79.26,36.95,37.72,31.94,10.25,18.27,11.74,8.91,27.02,29.38,21.03,43.09,50.26,36.1,11.0,15.5,13.09,129.1,65.49,17.85,75.3,12.97,52.1,65.49,54.68,70.13,14.36,40.24,7060.0,67.22,16.42,11.58,21.76,27.62,32.85,23.81,14.32,19.74,47.53,25.16,56.6,75.3,18.45,38.5,140.1,62.64,22.3,48.29,33.5
2022-03-31,15.5,69.56,31.55,41.62,53.92,23.71,63.96,19.92,88.93,88.98,27.14,36.14,23.98,54.31,72.74,34.84,44.33,31.8,13.1,16.55,11.56,10.1,25.82,26.82,22.09,39.86,50.08,36.03,10.52,14.85,12.48,117.68,70.21,18.94,80.1,12.41,54.86,65.9,48.45,75.66,13.12,43.49,5310.0,63.51,17.43,11.44,23.39,25.38,31.7,23.41,13.55,18.76,46.18,22.62,70.13,73.65,18.51,40.6,140.5,64.63,21.83,45.47,33.45
2022-04-30,15.34,81.4,27.02,41.75,54.45,18.29,36.75,17.04,93.96,83.52,27.34,28.38,19.5,53.29,71.2,25.35,41.29,26.98,10.2,12.89,10.32,7.35,24.79,21.68,17.42,32.88,48.86,32.69,8.81,13.43,11.25,115.15,71.85,18.17,82.0,11.67,51.92,57.09,42.13,73.95,10.88,44.36,4110.0,64.75,13.8,8.72,22.59,20.27,27.7,20.79,10.8,15.7,45.51,16.96,76.94,63.16,16.91,40.0,129.9,59.28,21.54,45.47,30.9
2022-05-31,14.8,69.27,25.61,41.49,46.12,17.2,36.02,17.13,87.21,77.58,24.17,21.44,21.58,55.78,79.06,21.35,42.35,23.57,9.22,11.53,10.64,6.47,19.87,17.47,15.76,33.4,58.75,28.7,8.06,12.51,10.07,111.58,69.78,18.94,78.0,9.72,45.82,53.83,38.62,78.68,11.21,56.0,2880.0,61.31,12.71,7.91,20.78,17.92,22.35,17.55,9.16,15.11,44.38,15.73,76.05,69.6,14.22,39.4,130.9,57.28,18.19,45.69,30.15
2022-06-30,14.06,63.49,24.3,40.03,46.03,12.28,35.62,16.05,98.65,72.54,20.69,15.12,20.8,53.0,77.58,17.58,39.47,21.09,8.32,9.8,9.79,5.0,16.88,12.34,14.33,32.7,61.1,26.55,7.01,10.91,8.35,111.18,69.27,20.08,74.5,8.21,43.31,53.02,35.37,88.44,11.26,53.34,2890.0,61.75,13.55,7.22,23.17,12.56,21.5,16.79,7.18,12.68,42.08,13.33,69.17,62.1,11.41,36.75,130.0,57.68,17.02,46.8,28.55
2022-07-31,14.41,69.65,27.06,41.56,50.68,15.5,39.93,16.7,75.62,76.25,19.64,19.23,19.5,51.34,74.17,21.17,37.95,22.35,11.15,12.67,9.85,6.49,16.27,12.99,14.93,37.7,66.37,28.16,8.17,11.56,9.14,106.1,59.09,21.05,74.5,8.87,43.98,54.56,36.07,78.46,11.05,46.54,2510.0,71.9,13.08,7.83,23.36,14.27,24.7,17.9,8.12,12.43,42.02,16.33,60.96,59.9,14.12,32.0,125.7,60.14,16.84,46.06,28.0
2022-08-31,14.44,87.18,29.02,45.09,51.29,18.44,47.87,17.34,84.25,75.18,24.0,20.55,19.73,53.87,80.8,22.32,38.56,24.64,12.95,12.67,10.89,6.76,17.41,15.94,14.74,34.7,63.64,27.79,8.49,12.84,9.33,114.5,71.69,22.14,81.9,8.62,46.15,57.58,37.04,79.02,11.59,53.28,,75.05,13.26,8.34,23.65,16.04,24.8,18.4,8.33,13.08,47.25,19.45,69.1,61.0,13.27,31.85,121.6,62.37,18.66,48.66,27.7
2022-09-30,13.01,85.86,24.59,39.96,46.91,15.0,38.21,14.24,65.71,70.64,20.63,15.74,22.23,50.07,75.9,17.49,36.43,19.55,13.25,11.89,9.77,5.62,16.05,13.61,13.27,29.0,59.36,21.07,6.93,10.82,8.13,99.0,62.0,23.03,84.9,7.47,42.72,44.94,28.88,73.65,10.22,47.65,,73.9,11.77,6.66,22.44,13.23,20.6,15.35,7.78,11.68,41.18,15.41,62.81,50.7,11.68,27.5,110.9,59.72,15.86,48.94,28.0
2022-10-31,13.13,78.13,25.06,44.61,46.03,11.78,27.88,15.1,65.12,71.05,19.07,10.86,24.05,47.02,76.66,12.33,35.75,13.82,8.66,9.95,8.36,4.1,11.85,10.48,9.61,17.5,58.42,17.05,6.31,9.57,7.93,85.5,49.99,21.08,70.0,6.45,36.54,32.95,25.02,71.65,8.57,48.89,,74.01,9.73,6.12,22.7,10.89,16.15,11.62,5.5,9.67,41.34,13.74,55.45,45.0,10.4,27.7,107.6,64.85,14.41,47.38,24.6
2022-11-30,12.95,77.18,29.81,43.36,45.32,11.12,23.18,16.73,51.57,71.05,18.01,9.93,14.3,46.4,76.04,13.76,36.88,13.63,9.05,10.65,7.93,4.55,13.93,10.34,9.81,21.15,58.42,20.58,7.08,9.41,8.32,102.0,42.72,22.57,23.35,7.47,11.41,34.75,26.99,78.73,9.64,45.79,,71.9,10.11,6.21,22.11,12.86,20.0,12.24,6.26,10.28,45.56,12.87,51.65,54.5,10.75,34.8,103.0,68.4,14.8,49.83,30.55
2022-12-31,12.83,76.99,28.0,43.88,43.59,10.0,21.78,16.73,52.17,70.14,18.91,9.89,18.17,47.83,70.03,11.41,35.32,13.24,9.16,9.71,8.13,4.16,13.62,10.62,9.95,24.2,61.74,19.9,8.1,9.25,8.0,93.0,41.56,23.94,14.0,8.79,11.37,35.15,29.01,83.14,8.81,44.24,,67.63,11.28,6.12,24.13,11.83,22.5,12.21,5.38,9.83,45.0,12.57,53.02,48.0,10.08,26.9,109.5,63.99,15.77,43.95,26.3
2023-01-31,15.26,81.0,32.71,47.53,47.14,11.9,26.02,18.72,53.41,77.99,19.24,11.55,16.9,51.94,73.35,13.48,41.24,16.03,9.52,12.5,9.51,4.6,16.73,14.25,13.8,25.9,58.7,21.03,9.15,10.57,8.64,101.1,45.05,23.9,14.2,9.18,11.58,40.59,33.67,83.98,10.26,46.16,,76.59,11.47,6.77,24.79,14.43,27.1,13.89,6.17,11.68,51.69,16.17,53.85,50.9,12.5,28.55,116.3,64.83,17.14,43.38,29.7
2023-02-28,14.3,79.95,31.99,43.73,45.37,10.04,22.28,16.82,44.38,79.56,16.99,7.75,14.03,50.07,71.41,10.58,38.05,13.39,7.45,11.26,8.7,4.14,15.14,13.38,13.46,21.25,52.62,19.11,8.62,9.33,7.71,82.0,38.75,23.82,10.6,7.94,8.44,35.95,34.13,71.6,10.01,42.58,,76.18,11.36,6.02,23.28,12.2,23.75,12.52,5.54,10.89,52.59,13.9,42.53,41.5,11.4,26.3,100.0,63.48,15.02,42.48,26.7
2023-03-31,14.65,79.18,33.51,42.71,45.32,11.31,28.94,17.92,45.44,76.59,16.16,9.73,14.73,49.2,70.38,11.41,40.07,14.87,7.33,12.65,9.82,4.37,15.74,14.8,14.52,24.25,57.84,20.73,9.52,9.87,8.06,77.8,37.35,24.75,12.7,8.11,10.45,35.82,34.27,72.35,10.92,42.45,,75.24,11.2,6.61,23.06,14.37,26.2,13.39,5.84,11.51,51.41,17.36,40.56,51.5,11.87,27.5,105.1,62.56,18.55,46.56,29.55
2023-04-30,14.18,75.17,31.55,56.6,42.0,11.2,39.07,17.71,46.5,87.41,16.31,10.47,14.73,48.21,64.03,12.1,40.93,14.92,7.62,12.37,9.59,3.72,16.39,14.25,13.22,25.8,60.7,22.38,8.65,9.98,7.52,73.1,37.97,27.11,14.3,7.64,11.83,36.8,34.27,71.69,10.84,41.76,,70.06,13.22,6.89,23.43,14.4,25.3,13.94,6.21,12.34,50.91,17.19,45.8,49.5,11.63,26.05,97.0,58.86,17.53,43.23,27.7
2023-05-31,14.88,74.5,31.92,62.24,40.69,13.64,42.38,17.19,48.39,93.84,15.48,11.55,15.82,52.31,64.03,14.22,38.98,17.47,8.18,13.44,9.89,3.95,16.05,14.16,14.52,28.05,60.79,22.31,8.96,10.06,7.68,72.0,37.97,28.36,13.5,8.28,12.21,42.38,34.31,66.02,11.3,44.41,,64.36,12.87,7.23,22.26,15.47,27.7,14.15,7.25,12.96,52.88,19.0,44.51,53.5,12.14,26.0,97.5,55.58,17.0,44.97,27.1
2023-06-30,15.48,75.65,31.45,72.06,41.25,14.1,45.62,18.11,57.6,109.53,16.87,11.52,16.56,53.49,64.17,17.81,40.38,18.62,8.15,14.22,10.0,4.07,19.79,15.57,15.57,29.35,59.46,23.13,9.37,11.2,8.06,75.2,41.95,25.69,14.85,8.94,14.05,41.39,34.18,70.42,11.09,47.09,,63.16,12.98,7.69,23.83,17.92,29.8,15.28,7.05,12.98,56.25,20.09,49.37,55.0,13.39,25.5,94.3,59.7,17.49,43.06,26.8
2023-07-31,16.11,77.37,34.24,76.43,45.04,16.04,47.61,18.42,65.0,104.84,19.17,14.73,16.4,61.93,70.1,20.75,45.67,21.45,8.88,15.56,10.72,4.18,21.34,18.22,16.2,33.0,61.74,28.16,10.11,12.02,8.8,87.3,52.52,25.26,18.85,9.33,18.14,46.57,37.97,77.93,11.34,48.39,,64.47,13.62,9.15,25.68,20.59,28.95,16.2,8.64,13.52,60.83,23.88,57.35,63.0,14.18,27.55,102.0,65.59,19.52,45.89,29.65
2023-08-31,15.87,68.96,34.06,68.71,42.28,17.36,41.78,19.92,79.0,100.58,19.39,17.25,20.26,70.78,70.49,22.73,48.78,20.97,9.18,16.52,10.41,4.15,20.89,18.93,14.32,34.45,63.54,27.79,12.79,11.8,8.96,81.5,52.62,23.98,20.45,9.57,20.74,45.41,35.27,75.58,10.59,45.35,,64.97,13.88,9.04,24.76,23.2,32.65,16.3,10.93,14.14,59.17,25.86,58.79,54.7,13.87,31.05,98.0,67.55,18.46,42.81,30.3
2023-09-30,15.34,66.39,32.17,67.07,39.43,14.96,42.2,18.45,84.42,99.73,19.36,14.66,16.5,67.92,77.77,19.14,53.19,18.71,7.72,15.43,10.72,3.8,19.91,18.93,13.12,32.1,60.98,24.52,11.04,11.8,8.8,76.3,51.44,22.18,15.6,9.81,20.02,43.95,34.92,73.98,9.6,45.64,,59.62,12.55,8.06,22.03,22.09,30.65,15.9,9.54,12.88,58.11,22.65,59.93,45.5,13.19,23.42,99.3,64.42,19.12,44.14,26.1
2023-10-31,15.02,55.97,29.16,61.22,36.39,11.01,44.67,17.0,71.32,85.24,14.9,12.91,15.49,60.75,65.68,15.92,47.34,16.22,8.03,12.32,10.62,3.35,17.41,16.09,10.72,25.5,60.32,23.62,11.67,10.9,7.84,58.2,36.87,20.51,12.9,9.33,17.52,38.76,29.7,68.32,8.77,37.99,,46.63,11.14,7.33,22.73,17.88,27.0,13.09,8.34,11.4,57.64,17.9,47.85,39.0,12.2,20.25,99.0,59.04,17.62,43.97,22.2
2023-11-30,15.41,56.35,31.76,72.61,37.36,13.42,54.74,18.05,85.32,88.39,17.29,15.51,16.73,67.27,65.59,19.79,56.32,19.54,11.15,14.77,11.12,3.97,20.1,20.31,12.13,31.1,56.9,25.77,12.19,11.35,8.19,60.5,37.65,21.77,17.7,9.77,22.74,43.72,32.68,76.39,9.31,41.24,,53.46,11.31,7.84,19.91,21.74,27.5,13.94,10.23,12.26,56.25,22.78,50.13,41.3,12.75,20.88,102.0,58.52,17.66,45.89,22.1
2023-12-31,16.78,60.9,35.48,87.25,37.84,13.66,60.74,18.6,88.04,88.64,17.47,15.83,16.87,70.34,64.74,21.72,56.56,20.71,13.2,17.27,12.54,4.7,21.16,21.58,11.93,31.75,59.84,25.94,12.55,11.89,8.32,67.0,41.86,22.18,17.05,9.73,23.29,46.08,32.12,81.6,9.31,41.02,,51.81,11.31,7.84,21.06,22.78,27.95,15.02,10.85,12.55,53.33,23.47,56.51,43.2,13.36,22.3,108.0,59.13,17.75,45.81,23.3
2024-01-31,18.08,63.23,39.0,86.33,38.8,14.34,59.59,21.68,84.31,90.35,17.19,15.14,17.23,70.05,64.65,19.79,54.64,21.88,14.2,19.27,13.46,4.47,21.0,21.68,12.48,30.25,59.07,25.52,14.06,13.87,8.7,64.4,44.01,23.27,16.7,10.87,23.41,47.47,32.22,86.82,9.39,40.44,,47.42,11.48,8.42,20.18,23.89,29.9,16.32,10.85,12.88,58.77,23.55,58.07,41.5,14.55,21.25,104.6,58.6,17.93,45.97,22.45
2024-02-29,19.66,61.29,43.33,97.88,41.1,14.65,58.89,24.4,104.46,92.91,18.24,14.93,16.64,79.78,66.37,20.52,60.98,27.94,12.8,20.33,14.39,4.12,23.46,21.54,13.18,31.0,61.0,28.62,13.63,15.4,10.17,70.4,45.19,23.22,17.1,11.09,24.25,51.65,33.38,85.78,9.64,44.2,,49.27,11.4,8.57,20.18,25.7,31.55,19.94,10.77,14.32,64.62,25.03,69.08,43.4,15.36,22.5,103.1,62.98,18.4,48.31,26.5
2024-03-31,20.01,62.84,42.6,92.02,40.95,15.45,64.45,24.4,115.09,99.21,18.79,16.24,16.91,85.27,68.77,22.92,63.95,32.38,13.05,21.46,14.88,4.2,22.9,22.39,13.28,34.95,60.32,31.22,13.98,16.19,9.31,74.2,49.98,23.12,17.25,10.94,26.63,59.25,34.73,94.41,9.43,46.08,,47.76,10.62,8.28,19.47,26.74,31.6,22.46,12.91,13.78,63.02,29.54,73.69,42.85,17.25,23.82,103.0,59.89,18.26,48.64,25.85
2024-04-30,18.85,50.74,40.23,91.18,37.79,13.03,58.53,22.51,110.8,97.25,16.58,13.22,16.5,90.18,63.02,18.77,67.56,29.31,12.4,19.68,14.58,4.03,21.5,18.85,11.19,29.0,60.23,28.91,16.65,14.19,8.7,67.2,53.69,19.91,15.25,9.99,22.11,52.39,33.24,90.68,8.69,45.2,,45.82,9.34,8.31,19.38,24.45,28.2,22.01,13.15,12.91,60.56,25.8,69.55,40.8,15.24,22.22,104.0,57.59,17.15,49.14,22.45
2024-05-31,20.6,58.87,38.51,95.31,42.97,13.92,64.01,21.89,117.52,105.18,18.89,13.75,18.34,98.52,68.68,21.44,67.24,34.34,14.5,20.98,14.36,4.47,23.82,21.18,12.08,31.4,62.74,29.9,20.56,14.17,9.15,76.6,62.2,21.45,14.45,10.79,23.33,57.58,39.67,89.64,10.43,52.57,,49.1,10.07,8.28,18.94,24.1,27.85,22.89,16.19,12.73,57.91,26.08,69.55,38.85,15.71,21.78,107.1,57.94,17.52,49.55,21.75
2024-06-30,19.89,61.77,35.36,88.17,44.07,12.97,61.89,21.27,114.25,99.82,18.94,13.09,17.37,110.62,65.68,20.34,66.59,33.41,12.1,19.06,14.2,4.85,23.57,23.22,12.73,29.0,53.08,30.48,22.47,14.47,9.15,74.7,61.51,20.19,13.3,10.32,21.94,56.19,39.57,91.16,12.33,52.83,,50.54,10.11,8.28,18.33,23.58,28.8,22.75,15.62,12.75,56.58,25.31,65.89,37.65,15.16,20.6,101.5,58.03,18.16,48.56,20.45
2024-07-31,20.51,70.68,38.92,85.35,41.77,12.76,57.39,21.96,104.46,100.26,18.52,11.33,16.73,109.01,68.51,20.94,65.91,32.24,12.15,19.27,16.91,3.91,22.65,21.18,12.73,27.3,56.27,29.94,23.23,15.9,9.37,74.1,62.9,18.61,11.85,10.61,17.59,52.94,44.41,92.69,11.13,58.73,,48.24,11.05,8.45,19.21,22.09,29.0,22.65,14.88,13.45,59.24,24.43,66.92,36.7,15.31,21.15,105.9,63.43,18.5,58.5,18.6
2024-08-31,20.72,69.71,39.98,91.7,43.59,12.76,56.06,24.05,106.04,98.06,19.3,12.85,17.05,114.26,71.42,19.46,66.33,34.53,10.65,22.27,17.81,4.36,21.23,20.21,12.13,26.75,53.47,31.14,25.02,16.19,9.67,76.5,68.81,18.33,12.95,10.46,19.95,55.17,47.02,97.56,11.13,57.89,,50.07,10.75,8.0,19.2,23.4,30.55,22.75,15.21,13.27,60.9,25.73,69.17,41.5,15.5,22.1,105.3,65.47,18.45,56.6,19.2
2024-09-30,21.52,67.97,40.63,104.57,41.05,12.84,56.33,25.36,107.72,97.43,19.71,13.67,18.8,114.01,68.95,20.02,64.27,34.92,10.85,23.53,18.13,4.6,21.94,20.69,11.93,28.2,49.8,32.13,25.46,16.75,10.88,75.7,67.13,18.42,11.05,10.63,20.83,55.63,43.06,94.31,10.84,56.2,,50.33,11.05,8.34,17.05,24.8,33.35,23.58,14.92,15.28,61.1,26.42,67.95,42.8,16.3,21.0,105.0,64.22,19.57,58.4,19.1
2024-10-31,21.22,64.97,39.04,118.59,41.19,12.63,59.33,24.5,104.74,95.15,19.13,13.58,19.95,115.2,66.41,18.77,63.2,32.14,10.35,21.89,17.3,4.8,22.4,19.67,11.59,26.3,49.51,30.43,26.26,16.32,10.29,76.6,65.56,17.68,10.5,10.06,19.49,52.85,39.77,91.8,9.89,54.09,,48.07,10.62,8.04,16.55,23.65,35.2,23.28,13.28,15.37,62.16,24.94,67.01,41.5,16.01,20.78,105.0,60.56,19.91,58.0,17.85
2024-11-30,21.06,65.37,38.22,116.55,46.57,11.68,58.09,24.53,104.91,91.88,19.57,14.32,18.5,122.32,65.56,17.3,62.62,30.86,11.95,21.4,16.3,5.1,22.28,18.46,11.54,27.75,50.3,30.11,25.7,15.74,9.58,73.2,59.64,18.19,10.95,9.45,19.63,52.3,38.7,89.96,10.26,56.71,,48.85,10.54,7.81,17.0,21.82,33.3,22.99,12.82,14.39,61.96,23.83,68.42,40.8,16.05,20.25,102.4,59.18,18.64,58.5,17.9
2024-12-31,21.56,69.69,37.14,120.79,49.7,11.96,61.56,25.94,111.72,98.05,19.38,12.77,19.3,130.17,64.15,17.58,63.1,29.92,12.05,22.35,19.66,6.1,22.19,17.93,11.64,27.2,57.03,32.79,29.11,16.36,9.71,70.0,60.13,19.49,10.25,10.02,19.16,51.98,36.28,94.8,9.93,57.3,,50.08,11.22,7.77,16.75,23.16,36.9,24.01,12.45,14.79,60.56,23.9,68.13,40.0,16.64,20.27,100.0,58.54,18.69,59.8,17.15
